INSERT INTO `admin` (`admin_email`, `password`, `fname`, `lname`) VALUES
('admin@email.com', '$2y$10$ObZMOjQEt8IaoX2fzBpyFONxX1d/d3TYJx6UJ0IBHE.JZ8pkWuvcq', 'Jane', 'Doe');

INSERT INTO `users` (`email`, `password`) VALUES
('cus@email.com', '$2y$10$ObZMOjQEt8IaoX2fzBpyFONxX1d/d3TYJx6UJ0IBHE.JZ8pkWuvcq'),
('admin@email.com', '$2y$10$ObZMOjQEt8IaoX2fzBpyFONxX1d/d3TYJx6UJ0IBHE.JZ8pkWuvcq');

INSERT INTO `customer` (`customer_email`, `password`, `fname`, `lname`) VALUES
('cus@email.com', '$2y$10$ObZMOjQEt8IaoX2fzBpyFONxX1d/d3TYJx6UJ0IBHE.JZ8pkWuvcq', 'John', 'Smith'),
('admin@email.com', '$2y$10$ObZMOjQEt8IaoX2fzBpyFONxX1d/d3TYJx6UJ0IBHE.JZ8pkWuvcq', 'Jane', 'Doe');

INSERT INTO `help_issues` (`a_email`, `c_email`, `help_id`, `issue_details`, `status`) VALUES
('admin@email.com', 'cus@email.com', 1, 'Test request\n', 'O');

INSERT INTO `cinema` (`cinema_name`, `postal_code`, `city`, `street_num`, `street_name`, `province`) VALUES 
('Downtown', 'T2G1L1', 'Calgary', '15', 'Street', 'Alberta'), 
('Northside', 'T2G0P9', 'Calgary', '100', 'Street', 'Alberta');

INSERT INTO `theatre_hall` (`theatre_no`, `cinema_name`) VALUES
(1, 'Downtown'),
(2, 'Downtown'),
(3, 'Northside'),
(4, 'Northside');

INSERT INTO `seat` (`seat_no`, `type`, `theatre_no`) VALUES
(1, 'Premium', 1),
(2, 'Premium', 1),
(3, 'Premium', 1),
(4, 'Premium', 1),
(5, 'Premium', 1),
(6, 'Standard', 1),
(7, 'Standard', 1),
(8, 'Standard', 1),
(9, 'Standard', 1),
(10, 'Standard', 1),
(1, 'Premium', 2),
(2, 'Premium', 2),
(3, 'Premium', 2),
(4, 'Premium', 2),
(5, 'Premium', 2),
(6, 'Standard', 2),
(7, 'Standard', 2),
(8, 'Standard', 2),
(9, 'Standard', 2),
(10, 'Standard', 2),
(1, 'Premium', 3),
(2, 'Premium', 3),
(3, 'Premium', 3),
(4, 'Premium', 3),
(5, 'Premium', 3),
(6, 'Standard', 3),
(7, 'Standard', 3),
(8, 'Standard', 3),
(9, 'Standard', 3),
(10, 'Standard', 3),
(1, 'Premium', 4),
(2, 'Premium', 4),
(3, 'Premium', 4),
(4, 'Premium', 4),
(5, 'Premium', 4),
(6, 'Standard', 4),
(7, 'Standard', 4),
(8, 'Standard', 4),
(9, 'Standard', 4),
(10, 'Standard', 4);

INSERT INTO `movie` (`movie_name`, `movie_desc`, `genre`, `movie_path`) VALUES 
('The Avengers', 'Superhero movie', 'Action', '../images/tavengers.jpg'), 
('Jurassic Park', 'Dinosaurs movie', 'Science Fiction', '../images/jpark.jpg');

INSERT INTO `shown_in` (`m_name`, `theatre_num`) VALUES
('Jurassic Park', 1),
('Jurassic Park', 3),
('The Avengers', 2),
('The Avengers', 4);

INSERT INTO `show_time` (`s_date`, `s_time`, `movie_name`) VALUES
('2022-12-02', '12:00:00', 'Jurassic Park'),
('2022-12-02', '14:30:00', 'Jurassic Park'),
('2022-12-02', '17:00:00', 'Jurassic Park'),
('2022-12-02', '19:30:00', 'Jurassic Park'),
('2022-12-02', '22:00:00', 'Jurassic Park'),
('2022-12-05', '12:00:00', 'The Avengers'),
('2022-12-05', '15:00:00', 'The Avengers'),
('2022-12-05', '18:00:00', 'The Avengers'),
('2022-12-05', '21:00:00', 'The Avengers'),
('2022-12-06', '12:00:00', 'The Avengers'),
('2022-12-06', '15:00:00', 'The Avengers'),
('2022-12-06', '18:00:00', 'The Avengers'),
('2022-12-06', '21:00:00', 'The Avengers'),
('2022-12-07', '12:00:00', 'The Avengers'),
('2022-12-07', '15:00:00', 'The Avengers'),
('2022-12-07', '18:00:00', 'The Avengers'),
('2022-12-07', '21:00:00', 'The Avengers'),
('2022-12-08', '12:00:00', 'The Avengers'),
('2022-12-08', '15:00:00', 'The Avengers'),
('2022-12-08', '18:00:00', 'The Avengers'),
('2022-12-08', '21:00:00', 'The Avengers'),
('2022-12-09', '12:00:00', 'The Avengers'),
('2022-12-09', '15:00:00', 'The Avengers'),
('2022-12-09', '18:00:00', 'The Avengers'),
('2022-12-09', '21:00:00', 'The Avengers');

INSERT INTO `ticket` (`ticket_no`, `bookid`, `sdate`, `price`, `stime`, `barcode`, `sold_flag`, `movie_name`, `seat_no`, `theatre_no`) VALUES
(1, NULL, '2022-12-05', '15', '12:00:00', '22120512021', 'N', 'The Avengers', 1, 2),
(2, NULL, '2022-12-05', '15', '12:00:00', '22120512022', 'N', 'The Avengers', 2, 2),
(3, NULL, '2022-12-05', '15', '12:00:00', '22120512023', 'N', 'The Avengers', 3, 2),
(4, NULL, '2022-12-05', '15', '12:00:00', '22120512024', 'N', 'The Avengers', 4, 2),
(5, NULL, '2022-12-05', '15', '12:00:00', '22120512025', 'N', 'The Avengers', 5, 2),
(6, NULL, '2022-12-05', '10', '12:00:00', '22120512026', 'N', 'The Avengers', 6, 2),
(7, NULL, '2022-12-05', '10', '12:00:00', '22120512027', 'N', 'The Avengers', 7, 2),
(8, NULL, '2022-12-05', '10', '12:00:00', '22120512028', 'N', 'The Avengers', 8, 2),
(9, NULL, '2022-12-05', '10', '12:00:00', '22120512029', 'N', 'The Avengers', 9, 2),
(10, NULL, '2022-12-05', '10', '12:00:00', '221205120210', 'N', 'The Avengers', 10, 2),
(11, NULL, '2022-12-05', '15', '12:00:00', '22120512041', 'N', 'The Avengers', 1, 4),
(12, NULL, '2022-12-05', '15', '12:00:00', '22120512042', 'N', 'The Avengers', 2, 4),
(13, NULL, '2022-12-05', '15', '12:00:00', '22120512043', 'N', 'The Avengers', 3, 4),
(14, NULL, '2022-12-05', '15', '12:00:00', '22120512044', 'N', 'The Avengers', 4, 4),
(15, NULL, '2022-12-05', '15', '12:00:00', '22120512045', 'N', 'The Avengers', 5, 4),
(16, NULL, '2022-12-05', '10', '12:00:00', '22120512046', 'N', 'The Avengers', 6, 4),
(17, NULL, '2022-12-05', '10', '12:00:00', '22120512047', 'N', 'The Avengers', 7, 4),
(18, NULL, '2022-12-05', '10', '12:00:00', '22120512048', 'N', 'The Avengers', 8, 4),
(19, NULL, '2022-12-05', '10', '12:00:00', '22120512049', 'N', 'The Avengers', 9, 4),
(20, NULL, '2022-12-05', '10', '12:00:00', '221205120410', 'N', 'The Avengers', 10, 4),
(21, NULL, '2022-12-05', '15', '15:00:00', '22120515021', 'N', 'The Avengers', 1, 2),
(22, NULL, '2022-12-05', '15', '15:00:00', '22120515022', 'N', 'The Avengers', 2, 2),
(23, NULL, '2022-12-05', '15', '15:00:00', '22120515023', 'N', 'The Avengers', 3, 2),
(24, NULL, '2022-12-05', '15', '15:00:00', '22120515024', 'N', 'The Avengers', 4, 2),
(25, NULL, '2022-12-05', '15', '15:00:00', '22120515025', 'N', 'The Avengers', 5, 2),
(26, NULL, '2022-12-05', '10', '15:00:00', '22120515026', 'N', 'The Avengers', 6, 2),
(27, NULL, '2022-12-05', '10', '15:00:00', '22120515027', 'N', 'The Avengers', 7, 2),
(28, NULL, '2022-12-05', '10', '15:00:00', '22120515028', 'N', 'The Avengers', 8, 2),
(29, NULL, '2022-12-05', '10', '15:00:00', '22120515029', 'N', 'The Avengers', 9, 2),
(30, NULL, '2022-12-05', '10', '15:00:00', '221205150210', 'N', 'The Avengers', 10, 2),
(31, NULL, '2022-12-05', '15', '15:00:00', '22120515041', 'N', 'The Avengers', 1, 4),
(32, NULL, '2022-12-05', '15', '15:00:00', '22120515042', 'N', 'The Avengers', 2, 4),
(33, NULL, '2022-12-05', '15', '15:00:00', '22120515043', 'N', 'The Avengers', 3, 4),
(34, NULL, '2022-12-05', '15', '15:00:00', '22120515044', 'N', 'The Avengers', 4, 4),
(35, NULL, '2022-12-05', '15', '15:00:00', '22120515045', 'N', 'The Avengers', 5, 4),
(36, NULL, '2022-12-05', '10', '15:00:00', '22120515046', 'N', 'The Avengers', 6, 4),
(37, NULL, '2022-12-05', '10', '15:00:00', '22120515047', 'N', 'The Avengers', 7, 4),
(38, NULL, '2022-12-05', '10', '15:00:00', '22120515048', 'N', 'The Avengers', 8, 4),
(39, NULL, '2022-12-05', '10', '15:00:00', '22120515049', 'N', 'The Avengers', 9, 4),
(40, NULL, '2022-12-05', '10', '15:00:00', '221205150410', 'N', 'The Avengers', 10, 4),
(41, NULL, '2022-12-05', '15', '18:00:00', '22120518021', 'N', 'The Avengers', 1, 2),
(42, NULL, '2022-12-05', '15', '18:00:00', '22120518022', 'N', 'The Avengers', 2, 2),
(43, NULL, '2022-12-05', '15', '18:00:00', '22120518023', 'N', 'The Avengers', 3, 2),
(44, NULL, '2022-12-05', '15', '18:00:00', '22120518024', 'N', 'The Avengers', 4, 2),
(45, NULL, '2022-12-05', '15', '18:00:00', '22120518025', 'N', 'The Avengers', 5, 2),
(46, NULL, '2022-12-05', '10', '18:00:00', '22120518026', 'N', 'The Avengers', 6, 2),
(47, NULL, '2022-12-05', '10', '18:00:00', '22120518027', 'N', 'The Avengers', 7, 2),
(48, NULL, '2022-12-05', '10', '18:00:00', '22120518028', 'N', 'The Avengers', 8, 2),
(49, NULL, '2022-12-05', '10', '18:00:00', '22120518029', 'N', 'The Avengers', 9, 2),
(50, NULL, '2022-12-05', '10', '18:00:00', '221205180210', 'N', 'The Avengers', 10, 2),
(51, NULL, '2022-12-05', '15', '18:00:00', '22120518041', 'N', 'The Avengers', 1, 4),
(52, NULL, '2022-12-05', '15', '18:00:00', '22120518042', 'N', 'The Avengers', 2, 4),
(53, NULL, '2022-12-05', '15', '18:00:00', '22120518043', 'N', 'The Avengers', 3, 4),
(54, NULL, '2022-12-05', '15', '18:00:00', '22120518044', 'N', 'The Avengers', 4, 4),
(55, NULL, '2022-12-05', '15', '18:00:00', '22120518045', 'N', 'The Avengers', 5, 4),
(56, NULL, '2022-12-05', '10', '18:00:00', '22120518046', 'N', 'The Avengers', 6, 4),
(57, NULL, '2022-12-05', '10', '18:00:00', '22120518047', 'N', 'The Avengers', 7, 4),
(58, NULL, '2022-12-05', '10', '18:00:00', '22120518048', 'N', 'The Avengers', 8, 4),
(59, NULL, '2022-12-05', '10', '18:00:00', '22120518049', 'N', 'The Avengers', 9, 4),
(60, NULL, '2022-12-05', '10', '18:00:00', '221205180410', 'N', 'The Avengers', 10, 4),
(61, NULL, '2022-12-05', '15', '21:00:00', '22120521021', 'N', 'The Avengers', 1, 2),
(62, NULL, '2022-12-05', '15', '21:00:00', '22120521022', 'N', 'The Avengers', 2, 2),
(63, NULL, '2022-12-05', '15', '21:00:00', '22120521023', 'N', 'The Avengers', 3, 2),
(64, NULL, '2022-12-05', '15', '21:00:00', '22120521024', 'N', 'The Avengers', 4, 2),
(65, NULL, '2022-12-05', '15', '21:00:00', '22120521025', 'N', 'The Avengers', 5, 2),
(66, NULL, '2022-12-05', '10', '21:00:00', '22120521026', 'N', 'The Avengers', 6, 2),
(67, NULL, '2022-12-05', '10', '21:00:00', '22120521027', 'N', 'The Avengers', 7, 2),
(68, NULL, '2022-12-05', '10', '21:00:00', '22120521028', 'N', 'The Avengers', 8, 2),
(69, NULL, '2022-12-05', '10', '21:00:00', '22120521029', 'N', 'The Avengers', 9, 2),
(70, NULL, '2022-12-05', '10', '21:00:00', '221205210210', 'N', 'The Avengers', 10, 2),
(71, NULL, '2022-12-05', '15', '21:00:00', '22120521041', 'N', 'The Avengers', 1, 4),
(72, NULL, '2022-12-05', '15', '21:00:00', '22120521042', 'N', 'The Avengers', 2, 4),
(73, NULL, '2022-12-05', '15', '21:00:00', '22120521043', 'N', 'The Avengers', 3, 4),
(74, NULL, '2022-12-05', '15', '21:00:00', '22120521044', 'N', 'The Avengers', 4, 4),
(75, NULL, '2022-12-05', '15', '21:00:00', '22120521045', 'N', 'The Avengers', 5, 4),
(76, NULL, '2022-12-05', '10', '21:00:00', '22120521046', 'N', 'The Avengers', 6, 4),
(77, NULL, '2022-12-05', '10', '21:00:00', '22120521047', 'N', 'The Avengers', 7, 4),
(78, NULL, '2022-12-05', '10', '21:00:00', '22120521048', 'N', 'The Avengers', 8, 4),
(79, NULL, '2022-12-05', '10', '21:00:00', '22120521049', 'N', 'The Avengers', 9, 4),
(80, NULL, '2022-12-05', '10', '21:00:00', '221205210410', 'N', 'The Avengers', 10, 4),
(81, NULL, '2022-12-06', '15', '12:00:00', '22120612021', 'N', 'The Avengers', 1, 2),
(82, NULL, '2022-12-06', '15', '12:00:00', '22120612022', 'N', 'The Avengers', 2, 2),
(83, NULL, '2022-12-06', '15', '12:00:00', '22120612023', 'N', 'The Avengers', 3, 2),
(84, NULL, '2022-12-06', '15', '12:00:00', '22120612024', 'N', 'The Avengers', 4, 2),
(85, NULL, '2022-12-06', '15', '12:00:00', '22120612025', 'N', 'The Avengers', 5, 2),
(86, NULL, '2022-12-06', '10', '12:00:00', '22120612026', 'N', 'The Avengers', 6, 2),
(87, NULL, '2022-12-06', '10', '12:00:00', '22120612027', 'N', 'The Avengers', 7, 2),
(88, NULL, '2022-12-06', '10', '12:00:00', '22120612028', 'N', 'The Avengers', 8, 2),
(89, NULL, '2022-12-06', '10', '12:00:00', '22120612029', 'N', 'The Avengers', 9, 2),
(90, NULL, '2022-12-06', '10', '12:00:00', '221206120210', 'N', 'The Avengers', 10, 2),
(91, NULL, '2022-12-06', '15', '12:00:00', '22120612041', 'N', 'The Avengers', 1, 4),
(92, NULL, '2022-12-06', '15', '12:00:00', '22120612042', 'N', 'The Avengers', 2, 4),
(93, NULL, '2022-12-06', '15', '12:00:00', '22120612043', 'N', 'The Avengers', 3, 4),
(94, NULL, '2022-12-06', '15', '12:00:00', '22120612044', 'N', 'The Avengers', 4, 4),
(95, NULL, '2022-12-06', '15', '12:00:00', '22120612045', 'N', 'The Avengers', 5, 4),
(96, NULL, '2022-12-06', '10', '12:00:00', '22120612046', 'N', 'The Avengers', 6, 4),
(97, NULL, '2022-12-06', '10', '12:00:00', '22120612047', 'N', 'The Avengers', 7, 4),
(98, NULL, '2022-12-06', '10', '12:00:00', '22120612048', 'N', 'The Avengers', 8, 4),
(99, NULL, '2022-12-06', '10', '12:00:00', '22120612049', 'N', 'The Avengers', 9, 4),
(100, NULL, '2022-12-06', '10', '12:00:00', '221206120410', 'N', 'The Avengers', 10, 4),
(101, NULL, '2022-12-06', '15', '15:00:00', '22120615021', 'N', 'The Avengers', 1, 2),
(102, NULL, '2022-12-06', '15', '15:00:00', '22120615022', 'N', 'The Avengers', 2, 2),
(103, NULL, '2022-12-06', '15', '15:00:00', '22120615023', 'N', 'The Avengers', 3, 2),
(104, NULL, '2022-12-06', '15', '15:00:00', '22120615024', 'N', 'The Avengers', 4, 2),
(105, NULL, '2022-12-06', '15', '15:00:00', '22120615025', 'N', 'The Avengers', 5, 2),
(106, NULL, '2022-12-06', '10', '15:00:00', '22120615026', 'N', 'The Avengers', 6, 2),
(107, NULL, '2022-12-06', '10', '15:00:00', '22120615027', 'N', 'The Avengers', 7, 2),
(108, NULL, '2022-12-06', '10', '15:00:00', '22120615028', 'N', 'The Avengers', 8, 2),
(109, NULL, '2022-12-06', '10', '15:00:00', '22120615029', 'N', 'The Avengers', 9, 2),
(110, NULL, '2022-12-06', '10', '15:00:00', '221206150210', 'N', 'The Avengers', 10, 2),
(111, NULL, '2022-12-06', '15', '15:00:00', '22120615041', 'N', 'The Avengers', 1, 4),
(112, NULL, '2022-12-06', '15', '15:00:00', '22120615042', 'N', 'The Avengers', 2, 4),
(113, NULL, '2022-12-06', '15', '15:00:00', '22120615043', 'N', 'The Avengers', 3, 4),
(114, NULL, '2022-12-06', '15', '15:00:00', '22120615044', 'N', 'The Avengers', 4, 4),
(115, NULL, '2022-12-06', '15', '15:00:00', '22120615045', 'N', 'The Avengers', 5, 4),
(116, NULL, '2022-12-06', '10', '15:00:00', '22120615046', 'N', 'The Avengers', 6, 4),
(117, NULL, '2022-12-06', '10', '15:00:00', '22120615047', 'N', 'The Avengers', 7, 4),
(118, NULL, '2022-12-06', '10', '15:00:00', '22120615048', 'N', 'The Avengers', 8, 4),
(119, NULL, '2022-12-06', '10', '15:00:00', '22120615049', 'N', 'The Avengers', 9, 4),
(120, NULL, '2022-12-06', '10', '15:00:00', '221206150410', 'N', 'The Avengers', 10, 4),
(121, NULL, '2022-12-06', '15', '18:00:00', '22120618021', 'N', 'The Avengers', 1, 2),
(122, NULL, '2022-12-06', '15', '18:00:00', '22120618022', 'N', 'The Avengers', 2, 2),
(123, NULL, '2022-12-06', '15', '18:00:00', '22120618023', 'N', 'The Avengers', 3, 2),
(124, NULL, '2022-12-06', '15', '18:00:00', '22120618024', 'N', 'The Avengers', 4, 2),
(125, NULL, '2022-12-06', '15', '18:00:00', '22120618025', 'N', 'The Avengers', 5, 2),
(126, NULL, '2022-12-06', '10', '18:00:00', '22120618026', 'N', 'The Avengers', 6, 2),
(127, NULL, '2022-12-06', '10', '18:00:00', '22120618027', 'N', 'The Avengers', 7, 2),
(128, NULL, '2022-12-06', '10', '18:00:00', '22120618028', 'N', 'The Avengers', 8, 2),
(129, NULL, '2022-12-06', '10', '18:00:00', '22120618029', 'N', 'The Avengers', 9, 2),
(130, NULL, '2022-12-06', '10', '18:00:00', '221206180210', 'N', 'The Avengers', 10, 2),
(131, NULL, '2022-12-06', '15', '18:00:00', '22120618041', 'N', 'The Avengers', 1, 4),
(132, NULL, '2022-12-06', '15', '18:00:00', '22120618042', 'N', 'The Avengers', 2, 4),
(133, NULL, '2022-12-06', '15', '18:00:00', '22120618043', 'N', 'The Avengers', 3, 4),
(134, NULL, '2022-12-06', '15', '18:00:00', '22120618044', 'N', 'The Avengers', 4, 4),
(135, NULL, '2022-12-06', '15', '18:00:00', '22120618045', 'N', 'The Avengers', 5, 4),
(136, NULL, '2022-12-06', '10', '18:00:00', '22120618046', 'N', 'The Avengers', 6, 4),
(137, NULL, '2022-12-06', '10', '18:00:00', '22120618047', 'N', 'The Avengers', 7, 4),
(138, NULL, '2022-12-06', '10', '18:00:00', '22120618048', 'N', 'The Avengers', 8, 4),
(139, NULL, '2022-12-06', '10', '18:00:00', '22120618049', 'N', 'The Avengers', 9, 4),
(140, NULL, '2022-12-06', '10', '18:00:00', '221206180410', 'N', 'The Avengers', 10, 4),
(141, NULL, '2022-12-06', '15', '21:00:00', '22120621021', 'N', 'The Avengers', 1, 2),
(142, NULL, '2022-12-06', '15', '21:00:00', '22120621022', 'N', 'The Avengers', 2, 2),
(143, NULL, '2022-12-06', '15', '21:00:00', '22120621023', 'N', 'The Avengers', 3, 2),
(144, NULL, '2022-12-06', '15', '21:00:00', '22120621024', 'N', 'The Avengers', 4, 2),
(145, NULL, '2022-12-06', '15', '21:00:00', '22120621025', 'N', 'The Avengers', 5, 2),
(146, NULL, '2022-12-06', '10', '21:00:00', '22120621026', 'N', 'The Avengers', 6, 2),
(147, NULL, '2022-12-06', '10', '21:00:00', '22120621027', 'N', 'The Avengers', 7, 2),
(148, NULL, '2022-12-06', '10', '21:00:00', '22120621028', 'N', 'The Avengers', 8, 2),
(149, NULL, '2022-12-06', '10', '21:00:00', '22120621029', 'N', 'The Avengers', 9, 2),
(150, NULL, '2022-12-06', '10', '21:00:00', '221206210210', 'N', 'The Avengers', 10, 2),
(151, NULL, '2022-12-06', '15', '21:00:00', '22120621041', 'N', 'The Avengers', 1, 4),
(152, NULL, '2022-12-06', '15', '21:00:00', '22120621042', 'N', 'The Avengers', 2, 4),
(153, NULL, '2022-12-06', '15', '21:00:00', '22120621043', 'N', 'The Avengers', 3, 4),
(154, NULL, '2022-12-06', '15', '21:00:00', '22120621044', 'N', 'The Avengers', 4, 4),
(155, NULL, '2022-12-06', '15', '21:00:00', '22120621045', 'N', 'The Avengers', 5, 4),
(156, NULL, '2022-12-06', '10', '21:00:00', '22120621046', 'N', 'The Avengers', 6, 4),
(157, NULL, '2022-12-06', '10', '21:00:00', '22120621047', 'N', 'The Avengers', 7, 4),
(158, NULL, '2022-12-06', '10', '21:00:00', '22120621048', 'N', 'The Avengers', 8, 4),
(159, NULL, '2022-12-06', '10', '21:00:00', '22120621049', 'N', 'The Avengers', 9, 4),
(160, NULL, '2022-12-06', '10', '21:00:00', '221206210410', 'N', 'The Avengers', 10, 4),
(161, NULL, '2022-12-07', '15', '12:00:00', '22120712021', 'N', 'The Avengers', 1, 2),
(162, NULL, '2022-12-07', '15', '12:00:00', '22120712022', 'N', 'The Avengers', 2, 2),
(163, NULL, '2022-12-07', '15', '12:00:00', '22120712023', 'N', 'The Avengers', 3, 2),
(164, NULL, '2022-12-07', '15', '12:00:00', '22120712024', 'N', 'The Avengers', 4, 2),
(165, NULL, '2022-12-07', '15', '12:00:00', '22120712025', 'N', 'The Avengers', 5, 2),
(166, NULL, '2022-12-07', '10', '12:00:00', '22120712026', 'N', 'The Avengers', 6, 2),
(167, NULL, '2022-12-07', '10', '12:00:00', '22120712027', 'N', 'The Avengers', 7, 2),
(168, NULL, '2022-12-07', '10', '12:00:00', '22120712028', 'N', 'The Avengers', 8, 2),
(169, NULL, '2022-12-07', '10', '12:00:00', '22120712029', 'N', 'The Avengers', 9, 2),
(170, NULL, '2022-12-07', '10', '12:00:00', '221207120210', 'N', 'The Avengers', 10, 2),
(171, NULL, '2022-12-07', '15', '12:00:00', '22120712041', 'N', 'The Avengers', 1, 4),
(172, NULL, '2022-12-07', '15', '12:00:00', '22120712042', 'N', 'The Avengers', 2, 4),
(173, NULL, '2022-12-07', '15', '12:00:00', '22120712043', 'N', 'The Avengers', 3, 4),
(174, NULL, '2022-12-07', '15', '12:00:00', '22120712044', 'N', 'The Avengers', 4, 4),
(175, NULL, '2022-12-07', '15', '12:00:00', '22120712045', 'N', 'The Avengers', 5, 4),
(176, NULL, '2022-12-07', '10', '12:00:00', '22120712046', 'N', 'The Avengers', 6, 4),
(177, NULL, '2022-12-07', '10', '12:00:00', '22120712047', 'N', 'The Avengers', 7, 4),
(178, NULL, '2022-12-07', '10', '12:00:00', '22120712048', 'N', 'The Avengers', 8, 4),
(179, NULL, '2022-12-07', '10', '12:00:00', '22120712049', 'N', 'The Avengers', 9, 4),
(180, NULL, '2022-12-07', '10', '12:00:00', '221207120410', 'N', 'The Avengers', 10, 4),
(181, NULL, '2022-12-07', '15', '15:00:00', '22120715021', 'N', 'The Avengers', 1, 2),
(182, NULL, '2022-12-07', '15', '15:00:00', '22120715022', 'N', 'The Avengers', 2, 2),
(183, NULL, '2022-12-07', '15', '15:00:00', '22120715023', 'N', 'The Avengers', 3, 2),
(184, NULL, '2022-12-07', '15', '15:00:00', '22120715024', 'N', 'The Avengers', 4, 2),
(185, NULL, '2022-12-07', '15', '15:00:00', '22120715025', 'N', 'The Avengers', 5, 2),
(186, NULL, '2022-12-07', '10', '15:00:00', '22120715026', 'N', 'The Avengers', 6, 2),
(187, NULL, '2022-12-07', '10', '15:00:00', '22120715027', 'N', 'The Avengers', 7, 2),
(188, NULL, '2022-12-07', '10', '15:00:00', '22120715028', 'N', 'The Avengers', 8, 2),
(189, NULL, '2022-12-07', '10', '15:00:00', '22120715029', 'N', 'The Avengers', 9, 2),
(190, NULL, '2022-12-07', '10', '15:00:00', '221207150210', 'N', 'The Avengers', 10, 2),
(191, NULL, '2022-12-07', '15', '15:00:00', '22120715041', 'N', 'The Avengers', 1, 4),
(192, NULL, '2022-12-07', '15', '15:00:00', '22120715042', 'N', 'The Avengers', 2, 4),
(193, NULL, '2022-12-07', '15', '15:00:00', '22120715043', 'N', 'The Avengers', 3, 4),
(194, NULL, '2022-12-07', '15', '15:00:00', '22120715044', 'N', 'The Avengers', 4, 4),
(195, NULL, '2022-12-07', '15', '15:00:00', '22120715045', 'N', 'The Avengers', 5, 4),
(196, NULL, '2022-12-07', '10', '15:00:00', '22120715046', 'N', 'The Avengers', 6, 4),
(197, NULL, '2022-12-07', '10', '15:00:00', '22120715047', 'N', 'The Avengers', 7, 4),
(198, NULL, '2022-12-07', '10', '15:00:00', '22120715048', 'N', 'The Avengers', 8, 4),
(199, NULL, '2022-12-07', '10', '15:00:00', '22120715049', 'N', 'The Avengers', 9, 4),
(200, NULL, '2022-12-07', '10', '15:00:00', '221207150410', 'N', 'The Avengers', 10, 4),
(201, NULL, '2022-12-07', '15', '18:00:00', '22120718021', 'N', 'The Avengers', 1, 2),
(202, NULL, '2022-12-07', '15', '18:00:00', '22120718022', 'N', 'The Avengers', 2, 2),
(203, NULL, '2022-12-07', '15', '18:00:00', '22120718023', 'N', 'The Avengers', 3, 2),
(204, NULL, '2022-12-07', '15', '18:00:00', '22120718024', 'N', 'The Avengers', 4, 2),
(205, NULL, '2022-12-07', '15', '18:00:00', '22120718025', 'N', 'The Avengers', 5, 2),
(206, NULL, '2022-12-07', '10', '18:00:00', '22120718026', 'N', 'The Avengers', 6, 2),
(207, NULL, '2022-12-07', '10', '18:00:00', '22120718027', 'N', 'The Avengers', 7, 2),
(208, NULL, '2022-12-07', '10', '18:00:00', '22120718028', 'N', 'The Avengers', 8, 2),
(209, NULL, '2022-12-07', '10', '18:00:00', '22120718029', 'N', 'The Avengers', 9, 2),
(210, NULL, '2022-12-07', '10', '18:00:00', '221207180210', 'N', 'The Avengers', 10, 2),
(211, NULL, '2022-12-07', '15', '18:00:00', '22120718041', 'N', 'The Avengers', 1, 4),
(212, NULL, '2022-12-07', '15', '18:00:00', '22120718042', 'N', 'The Avengers', 2, 4),
(213, NULL, '2022-12-07', '15', '18:00:00', '22120718043', 'N', 'The Avengers', 3, 4),
(214, NULL, '2022-12-07', '15', '18:00:00', '22120718044', 'N', 'The Avengers', 4, 4),
(215, NULL, '2022-12-07', '15', '18:00:00', '22120718045', 'N', 'The Avengers', 5, 4),
(216, NULL, '2022-12-07', '10', '18:00:00', '22120718046', 'N', 'The Avengers', 6, 4),
(217, NULL, '2022-12-07', '10', '18:00:00', '22120718047', 'N', 'The Avengers', 7, 4),
(218, NULL, '2022-12-07', '10', '18:00:00', '22120718048', 'N', 'The Avengers', 8, 4),
(219, NULL, '2022-12-07', '10', '18:00:00', '22120718049', 'N', 'The Avengers', 9, 4),
(220, NULL, '2022-12-07', '10', '18:00:00', '221207180410', 'N', 'The Avengers', 10, 4),
(221, NULL, '2022-12-07', '15', '21:00:00', '22120721021', 'N', 'The Avengers', 1, 2),
(222, NULL, '2022-12-07', '15', '21:00:00', '22120721022', 'N', 'The Avengers', 2, 2),
(223, NULL, '2022-12-07', '15', '21:00:00', '22120721023', 'N', 'The Avengers', 3, 2),
(224, NULL, '2022-12-07', '15', '21:00:00', '22120721024', 'N', 'The Avengers', 4, 2),
(225, NULL, '2022-12-07', '15', '21:00:00', '22120721025', 'N', 'The Avengers', 5, 2),
(226, NULL, '2022-12-07', '10', '21:00:00', '22120721026', 'N', 'The Avengers', 6, 2),
(227, NULL, '2022-12-07', '10', '21:00:00', '22120721027', 'N', 'The Avengers', 7, 2),
(228, NULL, '2022-12-07', '10', '21:00:00', '22120721028', 'N', 'The Avengers', 8, 2),
(229, NULL, '2022-12-07', '10', '21:00:00', '22120721029', 'N', 'The Avengers', 9, 2),
(230, NULL, '2022-12-07', '10', '21:00:00', '221207210210', 'N', 'The Avengers', 10, 2),
(231, NULL, '2022-12-07', '15', '21:00:00', '22120721041', 'N', 'The Avengers', 1, 4),
(232, NULL, '2022-12-07', '15', '21:00:00', '22120721042', 'N', 'The Avengers', 2, 4),
(233, NULL, '2022-12-07', '15', '21:00:00', '22120721043', 'N', 'The Avengers', 3, 4),
(234, NULL, '2022-12-07', '15', '21:00:00', '22120721044', 'N', 'The Avengers', 4, 4),
(235, NULL, '2022-12-07', '15', '21:00:00', '22120721045', 'N', 'The Avengers', 5, 4),
(236, NULL, '2022-12-07', '10', '21:00:00', '22120721046', 'N', 'The Avengers', 6, 4),
(237, NULL, '2022-12-07', '10', '21:00:00', '22120721047', 'N', 'The Avengers', 7, 4),
(238, NULL, '2022-12-07', '10', '21:00:00', '22120721048', 'N', 'The Avengers', 8, 4),
(239, NULL, '2022-12-07', '10', '21:00:00', '22120721049', 'N', 'The Avengers', 9, 4),
(240, NULL, '2022-12-07', '10', '21:00:00', '221207210410', 'N', 'The Avengers', 10, 4),
(241, NULL, '2022-12-08', '15', '12:00:00', '22120812021', 'N', 'The Avengers', 1, 2),
(242, NULL, '2022-12-08', '15', '12:00:00', '22120812022', 'N', 'The Avengers', 2, 2),
(243, NULL, '2022-12-08', '15', '12:00:00', '22120812023', 'N', 'The Avengers', 3, 2),
(244, NULL, '2022-12-08', '15', '12:00:00', '22120812024', 'N', 'The Avengers', 4, 2),
(245, NULL, '2022-12-08', '15', '12:00:00', '22120812025', 'N', 'The Avengers', 5, 2),
(246, NULL, '2022-12-08', '10', '12:00:00', '22120812026', 'N', 'The Avengers', 6, 2),
(247, NULL, '2022-12-08', '10', '12:00:00', '22120812027', 'N', 'The Avengers', 7, 2),
(248, NULL, '2022-12-08', '10', '12:00:00', '22120812028', 'N', 'The Avengers', 8, 2),
(249, NULL, '2022-12-08', '10', '12:00:00', '22120812029', 'N', 'The Avengers', 9, 2),
(250, NULL, '2022-12-08', '10', '12:00:00', '221208120210', 'N', 'The Avengers', 10, 2),
(251, NULL, '2022-12-08', '15', '12:00:00', '22120812041', 'N', 'The Avengers', 1, 4),
(252, NULL, '2022-12-08', '15', '12:00:00', '22120812042', 'N', 'The Avengers', 2, 4),
(253, NULL, '2022-12-08', '15', '12:00:00', '22120812043', 'N', 'The Avengers', 3, 4),
(254, NULL, '2022-12-08', '15', '12:00:00', '22120812044', 'N', 'The Avengers', 4, 4),
(255, NULL, '2022-12-08', '15', '12:00:00', '22120812045', 'N', 'The Avengers', 5, 4),
(256, NULL, '2022-12-08', '10', '12:00:00', '22120812046', 'N', 'The Avengers', 6, 4),
(257, NULL, '2022-12-08', '10', '12:00:00', '22120812047', 'N', 'The Avengers', 7, 4),
(258, NULL, '2022-12-08', '10', '12:00:00', '22120812048', 'N', 'The Avengers', 8, 4),
(259, NULL, '2022-12-08', '10', '12:00:00', '22120812049', 'N', 'The Avengers', 9, 4),
(260, NULL, '2022-12-08', '10', '12:00:00', '221208120410', 'N', 'The Avengers', 10, 4),
(261, NULL, '2022-12-08', '15', '15:00:00', '22120815021', 'N', 'The Avengers', 1, 2),
(262, NULL, '2022-12-08', '15', '15:00:00', '22120815022', 'N', 'The Avengers', 2, 2),
(263, NULL, '2022-12-08', '15', '15:00:00', '22120815023', 'N', 'The Avengers', 3, 2),
(264, NULL, '2022-12-08', '15', '15:00:00', '22120815024', 'N', 'The Avengers', 4, 2),
(265, NULL, '2022-12-08', '15', '15:00:00', '22120815025', 'N', 'The Avengers', 5, 2),
(266, NULL, '2022-12-08', '10', '15:00:00', '22120815026', 'N', 'The Avengers', 6, 2),
(267, NULL, '2022-12-08', '10', '15:00:00', '22120815027', 'N', 'The Avengers', 7, 2),
(268, NULL, '2022-12-08', '10', '15:00:00', '22120815028', 'N', 'The Avengers', 8, 2),
(269, NULL, '2022-12-08', '10', '15:00:00', '22120815029', 'N', 'The Avengers', 9, 2),
(270, NULL, '2022-12-08', '10', '15:00:00', '221208150210', 'N', 'The Avengers', 10, 2),
(271, NULL, '2022-12-08', '15', '15:00:00', '22120815041', 'N', 'The Avengers', 1, 4),
(272, NULL, '2022-12-08', '15', '15:00:00', '22120815042', 'N', 'The Avengers', 2, 4),
(273, NULL, '2022-12-08', '15', '15:00:00', '22120815043', 'N', 'The Avengers', 3, 4),
(274, NULL, '2022-12-08', '15', '15:00:00', '22120815044', 'N', 'The Avengers', 4, 4),
(275, NULL, '2022-12-08', '15', '15:00:00', '22120815045', 'N', 'The Avengers', 5, 4),
(276, NULL, '2022-12-08', '10', '15:00:00', '22120815046', 'N', 'The Avengers', 6, 4),
(277, NULL, '2022-12-08', '10', '15:00:00', '22120815047', 'N', 'The Avengers', 7, 4),
(278, NULL, '2022-12-08', '10', '15:00:00', '22120815048', 'N', 'The Avengers', 8, 4),
(279, NULL, '2022-12-08', '10', '15:00:00', '22120815049', 'N', 'The Avengers', 9, 4),
(280, NULL, '2022-12-08', '10', '15:00:00', '221208150410', 'N', 'The Avengers', 10, 4),
(281, NULL, '2022-12-08', '15', '18:00:00', '22120818021', 'N', 'The Avengers', 1, 2),
(282, NULL, '2022-12-08', '15', '18:00:00', '22120818022', 'N', 'The Avengers', 2, 2),
(283, NULL, '2022-12-08', '15', '18:00:00', '22120818023', 'N', 'The Avengers', 3, 2),
(284, NULL, '2022-12-08', '15', '18:00:00', '22120818024', 'N', 'The Avengers', 4, 2),
(285, NULL, '2022-12-08', '15', '18:00:00', '22120818025', 'N', 'The Avengers', 5, 2),
(286, NULL, '2022-12-08', '10', '18:00:00', '22120818026', 'N', 'The Avengers', 6, 2),
(287, NULL, '2022-12-08', '10', '18:00:00', '22120818027', 'N', 'The Avengers', 7, 2),
(288, NULL, '2022-12-08', '10', '18:00:00', '22120818028', 'N', 'The Avengers', 8, 2),
(289, NULL, '2022-12-08', '10', '18:00:00', '22120818029', 'N', 'The Avengers', 9, 2),
(290, NULL, '2022-12-08', '10', '18:00:00', '221208180210', 'N', 'The Avengers', 10, 2),
(291, NULL, '2022-12-08', '15', '18:00:00', '22120818041', 'N', 'The Avengers', 1, 4),
(292, NULL, '2022-12-08', '15', '18:00:00', '22120818042', 'N', 'The Avengers', 2, 4),
(293, NULL, '2022-12-08', '15', '18:00:00', '22120818043', 'N', 'The Avengers', 3, 4),
(294, NULL, '2022-12-08', '15', '18:00:00', '22120818044', 'N', 'The Avengers', 4, 4),
(295, NULL, '2022-12-08', '15', '18:00:00', '22120818045', 'N', 'The Avengers', 5, 4),
(296, NULL, '2022-12-08', '10', '18:00:00', '22120818046', 'N', 'The Avengers', 6, 4),
(297, NULL, '2022-12-08', '10', '18:00:00', '22120818047', 'N', 'The Avengers', 7, 4),
(298, NULL, '2022-12-08', '10', '18:00:00', '22120818048', 'N', 'The Avengers', 8, 4),
(299, NULL, '2022-12-08', '10', '18:00:00', '22120818049', 'N', 'The Avengers', 9, 4),
(300, NULL, '2022-12-08', '10', '18:00:00', '221208180410', 'N', 'The Avengers', 10, 4),
(301, NULL, '2022-12-08', '15', '21:00:00', '22120821021', 'N', 'The Avengers', 1, 2),
(302, NULL, '2022-12-08', '15', '21:00:00', '22120821022', 'N', 'The Avengers', 2, 2),
(303, NULL, '2022-12-08', '15', '21:00:00', '22120821023', 'N', 'The Avengers', 3, 2),
(304, NULL, '2022-12-08', '15', '21:00:00', '22120821024', 'N', 'The Avengers', 4, 2),
(305, NULL, '2022-12-08', '15', '21:00:00', '22120821025', 'N', 'The Avengers', 5, 2),
(306, NULL, '2022-12-08', '10', '21:00:00', '22120821026', 'N', 'The Avengers', 6, 2),
(307, NULL, '2022-12-08', '10', '21:00:00', '22120821027', 'N', 'The Avengers', 7, 2),
(308, NULL, '2022-12-08', '10', '21:00:00', '22120821028', 'N', 'The Avengers', 8, 2),
(309, NULL, '2022-12-08', '10', '21:00:00', '22120821029', 'N', 'The Avengers', 9, 2),
(310, NULL, '2022-12-08', '10', '21:00:00', '221208210210', 'N', 'The Avengers', 10, 2),
(311, NULL, '2022-12-08', '15', '21:00:00', '22120821041', 'N', 'The Avengers', 1, 4),
(312, NULL, '2022-12-08', '15', '21:00:00', '22120821042', 'N', 'The Avengers', 2, 4),
(313, NULL, '2022-12-08', '15', '21:00:00', '22120821043', 'N', 'The Avengers', 3, 4),
(314, NULL, '2022-12-08', '15', '21:00:00', '22120821044', 'N', 'The Avengers', 4, 4),
(315, NULL, '2022-12-08', '15', '21:00:00', '22120821045', 'N', 'The Avengers', 5, 4),
(316, NULL, '2022-12-08', '10', '21:00:00', '22120821046', 'N', 'The Avengers', 6, 4),
(317, NULL, '2022-12-08', '10', '21:00:00', '22120821047', 'N', 'The Avengers', 7, 4),
(318, NULL, '2022-12-08', '10', '21:00:00', '22120821048', 'N', 'The Avengers', 8, 4),
(319, NULL, '2022-12-08', '10', '21:00:00', '22120821049', 'N', 'The Avengers', 9, 4),
(320, NULL, '2022-12-08', '10', '21:00:00', '221208210410', 'N', 'The Avengers', 10, 4),
(321, NULL, '2022-12-09', '15', '12:00:00', '22120912021', 'N', 'The Avengers', 1, 2),
(322, NULL, '2022-12-09', '15', '12:00:00', '22120912022', 'N', 'The Avengers', 2, 2),
(323, NULL, '2022-12-09', '15', '12:00:00', '22120912023', 'N', 'The Avengers', 3, 2),
(324, NULL, '2022-12-09', '15', '12:00:00', '22120912024', 'N', 'The Avengers', 4, 2),
(325, NULL, '2022-12-09', '15', '12:00:00', '22120912025', 'N', 'The Avengers', 5, 2),
(326, NULL, '2022-12-09', '10', '12:00:00', '22120912026', 'N', 'The Avengers', 6, 2),
(327, NULL, '2022-12-09', '10', '12:00:00', '22120912027', 'N', 'The Avengers', 7, 2),
(328, NULL, '2022-12-09', '10', '12:00:00', '22120912028', 'N', 'The Avengers', 8, 2),
(329, NULL, '2022-12-09', '10', '12:00:00', '22120912029', 'N', 'The Avengers', 9, 2),
(330, NULL, '2022-12-09', '10', '12:00:00', '221209120210', 'N', 'The Avengers', 10, 2),
(331, NULL, '2022-12-09', '15', '12:00:00', '22120912041', 'N', 'The Avengers', 1, 4),
(332, NULL, '2022-12-09', '15', '12:00:00', '22120912042', 'N', 'The Avengers', 2, 4),
(333, NULL, '2022-12-09', '15', '12:00:00', '22120912043', 'N', 'The Avengers', 3, 4),
(334, NULL, '2022-12-09', '15', '12:00:00', '22120912044', 'N', 'The Avengers', 4, 4),
(335, NULL, '2022-12-09', '15', '12:00:00', '22120912045', 'N', 'The Avengers', 5, 4),
(336, NULL, '2022-12-09', '10', '12:00:00', '22120912046', 'N', 'The Avengers', 6, 4),
(337, NULL, '2022-12-09', '10', '12:00:00', '22120912047', 'N', 'The Avengers', 7, 4),
(338, NULL, '2022-12-09', '10', '12:00:00', '22120912048', 'N', 'The Avengers', 8, 4),
(339, NULL, '2022-12-09', '10', '12:00:00', '22120912049', 'N', 'The Avengers', 9, 4),
(340, NULL, '2022-12-09', '10', '12:00:00', '221209120410', 'N', 'The Avengers', 10, 4),
(341, NULL, '2022-12-09', '15', '15:00:00', '22120915021', 'N', 'The Avengers', 1, 2),
(342, NULL, '2022-12-09', '15', '15:00:00', '22120915022', 'N', 'The Avengers', 2, 2),
(343, NULL, '2022-12-09', '15', '15:00:00', '22120915023', 'N', 'The Avengers', 3, 2),
(344, NULL, '2022-12-09', '15', '15:00:00', '22120915024', 'N', 'The Avengers', 4, 2),
(345, NULL, '2022-12-09', '15', '15:00:00', '22120915025', 'N', 'The Avengers', 5, 2),
(346, NULL, '2022-12-09', '10', '15:00:00', '22120915026', 'N', 'The Avengers', 6, 2),
(347, NULL, '2022-12-09', '10', '15:00:00', '22120915027', 'N', 'The Avengers', 7, 2),
(348, NULL, '2022-12-09', '10', '15:00:00', '22120915028', 'N', 'The Avengers', 8, 2),
(349, NULL, '2022-12-09', '10', '15:00:00', '22120915029', 'N', 'The Avengers', 9, 2),
(350, NULL, '2022-12-09', '10', '15:00:00', '221209150210', 'N', 'The Avengers', 10, 2),
(351, NULL, '2022-12-09', '15', '15:00:00', '22120915041', 'N', 'The Avengers', 1, 4),
(352, NULL, '2022-12-09', '15', '15:00:00', '22120915042', 'N', 'The Avengers', 2, 4),
(353, NULL, '2022-12-09', '15', '15:00:00', '22120915043', 'N', 'The Avengers', 3, 4),
(354, NULL, '2022-12-09', '15', '15:00:00', '22120915044', 'N', 'The Avengers', 4, 4),
(355, NULL, '2022-12-09', '15', '15:00:00', '22120915045', 'N', 'The Avengers', 5, 4),
(356, NULL, '2022-12-09', '10', '15:00:00', '22120915046', 'N', 'The Avengers', 6, 4),
(357, NULL, '2022-12-09', '10', '15:00:00', '22120915047', 'N', 'The Avengers', 7, 4),
(358, NULL, '2022-12-09', '10', '15:00:00', '22120915048', 'N', 'The Avengers', 8, 4),
(359, NULL, '2022-12-09', '10', '15:00:00', '22120915049', 'N', 'The Avengers', 9, 4),
(360, NULL, '2022-12-09', '10', '15:00:00', '221209150410', 'N', 'The Avengers', 10, 4),
(361, NULL, '2022-12-09', '15', '18:00:00', '22120918021', 'N', 'The Avengers', 1, 2),
(362, NULL, '2022-12-09', '15', '18:00:00', '22120918022', 'N', 'The Avengers', 2, 2),
(363, NULL, '2022-12-09', '15', '18:00:00', '22120918023', 'N', 'The Avengers', 3, 2),
(364, NULL, '2022-12-09', '15', '18:00:00', '22120918024', 'N', 'The Avengers', 4, 2),
(365, NULL, '2022-12-09', '15', '18:00:00', '22120918025', 'N', 'The Avengers', 5, 2),
(366, NULL, '2022-12-09', '10', '18:00:00', '22120918026', 'N', 'The Avengers', 6, 2),
(367, NULL, '2022-12-09', '10', '18:00:00', '22120918027', 'N', 'The Avengers', 7, 2),
(368, NULL, '2022-12-09', '10', '18:00:00', '22120918028', 'N', 'The Avengers', 8, 2),
(369, NULL, '2022-12-09', '10', '18:00:00', '22120918029', 'N', 'The Avengers', 9, 2),
(370, NULL, '2022-12-09', '10', '18:00:00', '221209180210', 'N', 'The Avengers', 10, 2),
(371, NULL, '2022-12-09', '15', '18:00:00', '22120918041', 'N', 'The Avengers', 1, 4),
(372, NULL, '2022-12-09', '15', '18:00:00', '22120918042', 'N', 'The Avengers', 2, 4),
(373, NULL, '2022-12-09', '15', '18:00:00', '22120918043', 'N', 'The Avengers', 3, 4),
(374, NULL, '2022-12-09', '15', '18:00:00', '22120918044', 'N', 'The Avengers', 4, 4),
(375, NULL, '2022-12-09', '15', '18:00:00', '22120918045', 'N', 'The Avengers', 5, 4),
(376, NULL, '2022-12-09', '10', '18:00:00', '22120918046', 'N', 'The Avengers', 6, 4),
(377, NULL, '2022-12-09', '10', '18:00:00', '22120918047', 'N', 'The Avengers', 7, 4),
(378, NULL, '2022-12-09', '10', '18:00:00', '22120918048', 'N', 'The Avengers', 8, 4),
(379, NULL, '2022-12-09', '10', '18:00:00', '22120918049', 'N', 'The Avengers', 9, 4),
(380, NULL, '2022-12-09', '10', '18:00:00', '221209180410', 'N', 'The Avengers', 10, 4),
(381, NULL, '2022-12-09', '15', '21:00:00', '22120921021', 'N', 'The Avengers', 1, 2),
(382, NULL, '2022-12-09', '15', '21:00:00', '22120921022', 'N', 'The Avengers', 2, 2),
(383, NULL, '2022-12-09', '15', '21:00:00', '22120921023', 'N', 'The Avengers', 3, 2),
(384, NULL, '2022-12-09', '15', '21:00:00', '22120921024', 'N', 'The Avengers', 4, 2),
(385, NULL, '2022-12-09', '15', '21:00:00', '22120921025', 'N', 'The Avengers', 5, 2),
(386, NULL, '2022-12-09', '10', '21:00:00', '22120921026', 'N', 'The Avengers', 6, 2),
(387, NULL, '2022-12-09', '10', '21:00:00', '22120921027', 'N', 'The Avengers', 7, 2),
(388, NULL, '2022-12-09', '10', '21:00:00', '22120921028', 'N', 'The Avengers', 8, 2),
(389, NULL, '2022-12-09', '10', '21:00:00', '22120921029', 'N', 'The Avengers', 9, 2),
(390, NULL, '2022-12-09', '10', '21:00:00', '221209210210', 'N', 'The Avengers', 10, 2),
(391, NULL, '2022-12-09', '15', '21:00:00', '22120921041', 'N', 'The Avengers', 1, 4),
(392, NULL, '2022-12-09', '15', '21:00:00', '22120921042', 'N', 'The Avengers', 2, 4),
(393, NULL, '2022-12-09', '15', '21:00:00', '22120921043', 'N', 'The Avengers', 3, 4),
(394, NULL, '2022-12-09', '15', '21:00:00', '22120921044', 'N', 'The Avengers', 4, 4),
(395, NULL, '2022-12-09', '15', '21:00:00', '22120921045', 'N', 'The Avengers', 5, 4),
(396, NULL, '2022-12-09', '10', '21:00:00', '22120921046', 'N', 'The Avengers', 6, 4),
(397, NULL, '2022-12-09', '10', '21:00:00', '22120921047', 'N', 'The Avengers', 7, 4),
(398, NULL, '2022-12-09', '10', '21:00:00', '22120921048', 'N', 'The Avengers', 8, 4),
(399, NULL, '2022-12-09', '10', '21:00:00', '22120921049', 'N', 'The Avengers', 9, 4),
(400, NULL, '2022-12-09', '10', '21:00:00', '221209210410', 'N', 'The Avengers', 10, 4),
(401, NULL, '2022-12-02', '15', '12:00:00', '22120212011', 'Y', 'Jurassic Park', 1, 1),
(402, NULL, '2022-12-02', '15', '12:00:00', '22120212012', 'Y', 'Jurassic Park', 2, 1),
(403, NULL, '2022-12-02', '15', '12:00:00', '22120212013', 'Y', 'Jurassic Park', 3, 1),
(404, NULL, '2022-12-02', '15', '12:00:00', '22120212014', 'Y', 'Jurassic Park', 4, 1),
(405, NULL, '2022-12-02', '15', '12:00:00', '22120212015', 'Y', 'Jurassic Park', 5, 1),
(406, NULL, '2022-12-02', '10', '12:00:00', '22120212016', 'Y', 'Jurassic Park', 6, 1),
(407, NULL, '2022-12-02', '10', '12:00:00', '22120212017', 'Y', 'Jurassic Park', 7, 1),
(408, NULL, '2022-12-02', '10', '12:00:00', '22120212018', 'Y', 'Jurassic Park', 8, 1),
(409, NULL, '2022-12-02', '10', '12:00:00', '22120212019', 'Y', 'Jurassic Park', 9, 1),
(410, NULL, '2022-12-02', '10', '12:00:00', '221202120110', 'Y', 'Jurassic Park', 10, 1),
(411, NULL, '2022-12-02', '15', '14:30:00', '22120214311', 'Y', 'Jurassic Park', 1, 1),
(412, NULL, '2022-12-02', '15', '14:30:00', '22120214312', 'Y', 'Jurassic Park', 2, 1),
(413, NULL, '2022-12-02', '15', '14:30:00', '22120214313', 'Y', 'Jurassic Park', 3, 1),
(414, NULL, '2022-12-02', '15', '14:30:00', '22120214314', 'Y', 'Jurassic Park', 4, 1),
(415, NULL, '2022-12-02', '15', '14:30:00', '22120214315', 'Y', 'Jurassic Park', 5, 1),
(416, NULL, '2022-12-02', '10', '14:30:00', '22120214316', 'N', 'Jurassic Park', 6, 1),
(417, NULL, '2022-12-02', '10', '14:30:00', '22120214317', 'N', 'Jurassic Park', 7, 1),
(418, NULL, '2022-12-02', '10', '14:30:00', '22120214318', 'N', 'Jurassic Park', 8, 1),
(419, NULL, '2022-12-02', '10', '14:30:00', '22120214319', 'N', 'Jurassic Park', 9, 1),
(420, NULL, '2022-12-02', '10', '14:30:00', '221202143110', 'N', 'Jurassic Park', 10, 1),
(421, NULL, '2022-12-02', '15', '17:00:00', '22120217011', 'N', 'Jurassic Park', 1, 1),
(422, NULL, '2022-12-02', '15', '17:00:00', '22120217012', 'N', 'Jurassic Park', 2, 1),
(423, NULL, '2022-12-02', '15', '17:00:00', '22120217013', 'N', 'Jurassic Park', 3, 1),
(424, NULL, '2022-12-02', '15', '17:00:00', '22120217014', 'N', 'Jurassic Park', 4, 1),
(425, NULL, '2022-12-02', '15', '17:00:00', '22120217015', 'N', 'Jurassic Park', 5, 1),
(426, NULL, '2022-12-02', '10', '17:00:00', '22120217016', 'Y', 'Jurassic Park', 6, 1),
(427, NULL, '2022-12-02', '10', '17:00:00', '22120217017', 'Y', 'Jurassic Park', 7, 1),
(428, NULL, '2022-12-02', '10', '17:00:00', '22120217018', 'Y', 'Jurassic Park', 8, 1),
(429, NULL, '2022-12-02', '10', '17:00:00', '22120217019', 'Y', 'Jurassic Park', 9, 1),
(430, NULL, '2022-12-02', '10', '17:00:00', '221202170110', 'Y', 'Jurassic Park', 10, 1),
(431, NULL, '2022-12-02', '15', '19:30:00', '22120219311', 'Y', 'Jurassic Park', 1, 1),
(432, NULL, '2022-12-02', '15', '19:30:00', '22120219312', 'N', 'Jurassic Park', 2, 1),
(433, NULL, '2022-12-02', '15', '19:30:00', '22120219313', 'Y', 'Jurassic Park', 3, 1),
(434, NULL, '2022-12-02', '15', '19:30:00', '22120219314', 'N', 'Jurassic Park', 4, 1),
(435, NULL, '2022-12-02', '15', '19:30:00', '22120219315', 'N', 'Jurassic Park', 5, 1),
(436, NULL, '2022-12-02', '10', '19:30:00', '22120219316', 'Y', 'Jurassic Park', 6, 1),
(437, NULL, '2022-12-02', '10', '19:30:00', '22120219317', 'N', 'Jurassic Park', 7, 1),
(438, NULL, '2022-12-02', '10', '19:30:00', '22120219318', 'Y', 'Jurassic Park', 8, 1),
(439, NULL, '2022-12-02', '10', '19:30:00', '22120219319', 'N', 'Jurassic Park', 9, 1),
(440, NULL, '2022-12-02', '10', '19:30:00', '221202193110', 'Y', 'Jurassic Park', 10, 1),
(441, NULL, '2022-12-02', '15', '22:00:00', '22120222011', 'N', 'Jurassic Park', 1, 1),
(442, NULL, '2022-12-02', '15', '22:00:00', '22120222012', 'N', 'Jurassic Park', 2, 1),
(443, NULL, '2022-12-02', '15', '22:00:00', '22120222013', 'N', 'Jurassic Park', 3, 1),
(444, NULL, '2022-12-02', '15', '22:00:00', '22120222014', 'N', 'Jurassic Park', 4, 1),
(445, NULL, '2022-12-02', '15', '22:00:00', '22120222015', 'N', 'Jurassic Park', 5, 1),
(446, NULL, '2022-12-02', '10', '22:00:00', '22120222016', 'N', 'Jurassic Park', 6, 1),
(447, NULL, '2022-12-02', '10', '22:00:00', '22120222017', 'N', 'Jurassic Park', 7, 1),
(448, NULL, '2022-12-02', '10', '22:00:00', '22120222018', 'N', 'Jurassic Park', 8, 1),
(449, NULL, '2022-12-02', '10', '22:00:00', '22120222019', 'N', 'Jurassic Park', 9, 1),
(450, NULL, '2022-12-02', '10', '22:00:00', '221202220110', 'N', 'Jurassic Park', 10, 1),
(451, NULL, '2022-12-02', '15', '12:00:00', '22120212011', 'Y', 'Jurassic Park', 1, 3),
(452, NULL, '2022-12-02', '15', '12:00:00', '22120212012', 'Y', 'Jurassic Park', 2, 3),
(453, NULL, '2022-12-02', '15', '12:00:00', '22120212013', 'Y', 'Jurassic Park', 3, 3),
(454, NULL, '2022-12-02', '15', '12:00:00', '22120212014', 'Y', 'Jurassic Park', 4, 3),
(455, NULL, '2022-12-02', '15', '12:00:00', '22120212015', 'Y', 'Jurassic Park', 5, 3),
(456, NULL, '2022-12-02', '10', '12:00:00', '22120212016', 'Y', 'Jurassic Park', 6, 3),
(457, NULL, '2022-12-02', '10', '12:00:00', '22120212017', 'Y', 'Jurassic Park', 7, 3),
(458, NULL, '2022-12-02', '10', '12:00:00', '22120212018', 'Y', 'Jurassic Park', 8, 3),
(459, NULL, '2022-12-02', '10', '12:00:00', '22120212019', 'Y', 'Jurassic Park', 9, 3),
(460, NULL, '2022-12-02', '10', '12:00:00', '221202120110', 'Y', 'Jurassic Park', 10, 3),
(461, NULL, '2022-12-02', '15', '14:30:00', '22120214311', 'Y', 'Jurassic Park', 1, 3),
(462, NULL, '2022-12-02', '15', '14:30:00', '22120214312', 'Y', 'Jurassic Park', 2, 3),
(463, NULL, '2022-12-02', '15', '14:30:00', '22120214313', 'Y', 'Jurassic Park', 3, 3),
(464, NULL, '2022-12-02', '15', '14:30:00', '22120214314', 'Y', 'Jurassic Park', 4, 3),
(465, NULL, '2022-12-02', '15', '14:30:00', '22120214315', 'Y', 'Jurassic Park', 5, 3),
(466, NULL, '2022-12-02', '10', '14:30:00', '22120214316', 'N', 'Jurassic Park', 6, 3),
(467, NULL, '2022-12-02', '10', '14:30:00', '22120214317', 'N', 'Jurassic Park', 7, 3),
(468, NULL, '2022-12-02', '10', '14:30:00', '22120214318', 'N', 'Jurassic Park', 8, 3),
(469, NULL, '2022-12-02', '10', '14:30:00', '22120214319', 'N', 'Jurassic Park', 9, 3),
(470, NULL, '2022-12-02', '10', '14:30:00', '221202143110', 'N', 'Jurassic Park', 10, 3),
(471, NULL, '2022-12-02', '15', '17:00:00', '22120217011', 'N', 'Jurassic Park', 1, 3),
(472, NULL, '2022-12-02', '15', '17:00:00', '22120217012', 'N', 'Jurassic Park', 2, 3),
(473, NULL, '2022-12-02', '15', '17:00:00', '22120217013', 'N', 'Jurassic Park', 3, 3),
(474, NULL, '2022-12-02', '15', '17:00:00', '22120217014', 'N', 'Jurassic Park', 4, 3),
(475, NULL, '2022-12-02', '15', '17:00:00', '22120217015', 'N', 'Jurassic Park', 5, 3),
(476, NULL, '2022-12-02', '10', '17:00:00', '22120217016', 'Y', 'Jurassic Park', 6, 3),
(477, NULL, '2022-12-02', '10', '17:00:00', '22120217017', 'Y', 'Jurassic Park', 7, 3),
(478, NULL, '2022-12-02', '10', '17:00:00', '22120217018', 'Y', 'Jurassic Park', 8, 3),
(479, NULL, '2022-12-02', '10', '17:00:00', '22120217019', 'Y', 'Jurassic Park', 9, 3),
(480, NULL, '2022-12-02', '10', '17:00:00', '221202170110', 'Y', 'Jurassic Park', 10, 3),
(481, NULL, '2022-12-02', '15', '19:30:00', '22120219311', 'Y', 'Jurassic Park', 1, 3),
(482, NULL, '2022-12-02', '15', '19:30:00', '22120219312', 'N', 'Jurassic Park', 2, 3),
(483, NULL, '2022-12-02', '15', '19:30:00', '22120219313', 'Y', 'Jurassic Park', 3, 3),
(484, NULL, '2022-12-02', '15', '19:30:00', '22120219314', 'N', 'Jurassic Park', 4, 3),
(485, NULL, '2022-12-02', '15', '19:30:00', '22120219315', 'N', 'Jurassic Park', 5, 3),
(486, NULL, '2022-12-02', '10', '19:30:00', '22120219316', 'Y', 'Jurassic Park', 6, 3),
(487, NULL, '2022-12-02', '10', '19:30:00', '22120219317', 'N', 'Jurassic Park', 7, 3),
(488, NULL, '2022-12-02', '10', '19:30:00', '22120219318', 'Y', 'Jurassic Park', 8, 3),
(489, NULL, '2022-12-02', '10', '19:30:00', '22120219319', 'N', 'Jurassic Park', 9, 3),
(490, NULL, '2022-12-02', '10', '19:30:00', '221202193110', 'Y', 'Jurassic Park', 10, 3),
(491, NULL, '2022-12-02', '15', '22:00:00', '22120222011', 'N', 'Jurassic Park', 1, 3),
(492, NULL, '2022-12-02', '15', '22:00:00', '22120222012', 'N', 'Jurassic Park', 2, 3),
(493, NULL, '2022-12-02', '15', '22:00:00', '22120222013', 'N', 'Jurassic Park', 3, 3),
(494, NULL, '2022-12-02', '15', '22:00:00', '22120222014', 'N', 'Jurassic Park', 4, 3),
(495, NULL, '2022-12-02', '15', '22:00:00', '22120222015', 'N', 'Jurassic Park', 5, 3),
(496, NULL, '2022-12-02', '10', '22:00:00', '22120222016', 'N', 'Jurassic Park', 6, 3),
(497, NULL, '2022-12-02', '10', '22:00:00', '22120222017', 'N', 'Jurassic Park', 7, 3),
(498, NULL, '2022-12-02', '10', '22:00:00', '22120222018', 'N', 'Jurassic Park', 8, 3),
(499, NULL, '2022-12-02', '10', '22:00:00', '22120222019', 'N', 'Jurassic Park', 9, 3),
(500, NULL, '2022-12-02', '10', '22:00:00', '221202220110', 'N', 'Jurassic Park', 10, 3);


